City_ID,City,Country,Lat,Lng,Max Temp,Humidity,Cloudiness,Wind Speed,Description
0,Rikitea,PF,-23.12,-134.97,69.89,83,43,22.82,scattered clouds
1,Kapaa,US,22.08,-159.32,82.4,74,1,12.75,clear sky
2,Kodiak,US,57.79,-152.41,57.06,79,100,1.7,overcast clouds
3,Hvide Sande,DK,56.0,8.13,61.0,76,20,1.99,few clouds
4,Butaritari,KI,3.07,172.79,83.03,68,100,10.54,overcast clouds
5,Port Elizabeth,ZA,-33.92,25.57,60.8,77,54,12.75,broken clouds
6,Tsiroanomandidy,MG,-18.77,46.03,63.93,51,0,3.51,clear sky
7,Hermanus,ZA,-34.42,19.23,57.0,94,100,5.37,overcast clouds
8,Thinadhoo,MV,0.53,72.93,83.46,73,36,9.01,scattered clouds
9,Jalu,LY,29.03,21.55,83.43,45,0,19.93,clear sky
10,Taltal,CL,-25.4,-70.48,57.4,64,22,2.91,few clouds
11,Praia Da Vitoria,PT,38.73,-27.07,78.8,78,20,3.67,few clouds
12,Magione,IT,43.14,12.21,87.01,46,40,4.0,scattered clouds
13,Hobart,AU,-42.88,147.33,41.0,75,40,3.36,scattered clouds
14,Nikolskoye,RU,59.7,30.79,61.0,82,75,4.47,broken clouds
15,Qostanay,KZ,53.17,63.58,51.8,87,0,4.47,clear sky
16,Carnarvon,AU,-24.87,113.63,64.4,82,0,17.22,clear sky
17,Bluff,NZ,-46.6,168.33,43.0,93,14,1.99,few clouds
18,Ceres,US,37.59,-120.96,87.01,33,1,4.7,clear sky
19,Punta Arenas,CL,-53.15,-70.92,37.4,59,75,25.28,broken clouds
20,Paamiut,GL,61.99,-49.67,42.6,88,0,3.87,clear sky
21,Binzhou,CN,37.37,118.02,82.99,77,99,8.93,light rain
22,Barrow,US,71.29,-156.79,39.2,100,90,6.93,fog
23,Ushuaia,AR,-54.8,-68.3,37.4,69,20,10.29,few clouds
24,Labuhan,ID,-6.88,112.21,78.42,78,29,7.07,scattered clouds
25,Thompson,CA,55.74,-97.86,50.0,100,90,4.7,light rain
26,Ha Tinh,VN,18.33,105.9,81.25,76,100,8.25,overcast clouds
27,Upernavik,GL,72.79,-56.15,44.47,85,91,8.28,overcast clouds
28,Saskylakh,RU,71.92,114.08,40.03,86,0,7.38,clear sky
29,Mar Del Plata,AR,-38.0,-57.56,66.2,37,0,16.11,clear sky
30,Bengkulu,ID,-3.8,102.27,76.24,87,99,4.74,overcast clouds
31,Khatanga,RU,71.97,102.5,53.83,66,72,9.44,broken clouds
32,Khromtau,KZ,50.25,58.43,59.63,57,10,9.35,clear sky
33,Vaini,TO,-21.2,-175.2,73.4,94,20,5.82,few clouds
34,Waipawa,NZ,-41.41,175.52,53.6,81,100,16.11,light rain
35,Arfara,GR,37.15,22.03,78.8,36,0,3.85,clear sky
36,Sitka,US,57.05,-135.33,57.2,93,90,3.53,light rain
37,Mataura,NZ,-46.19,168.86,43.0,93,16,1.99,few clouds
38,Jamestown,US,42.1,-79.24,79.0,83,90,4.7,overcast clouds
39,Kita,ML,13.03,-9.49,76.15,90,53,1.1,moderate rain
40,Champerico,GT,14.3,-91.92,84.2,74,75,6.93,broken clouds
41,Velky Senov,CZ,50.99,14.37,64.99,73,0,5.01,moderate rain
42,Esperance,AU,-33.87,121.9,50.0,100,90,6.93,overcast clouds
43,Ust-Nera,RU,64.57,143.2,35.76,78,99,6.2,overcast clouds
44,Hualmay,PE,-11.1,-77.61,67.12,63,6,8.72,clear sky
45,Guerrero Negro,MX,27.98,-114.06,84.13,47,0,16.53,clear sky
46,San Jose,US,37.34,-121.89,87.01,47,75,2.91,smoke
47,Albany,US,42.6,-73.97,82.4,61,40,6.93,thunderstorm
48,Kahului,US,20.89,-156.47,87.8,43,20,11.41,few clouds
49,Severo-Kurilsk,RU,50.68,156.12,50.54,77,0,1.39,clear sky
50,Tahe,CN,52.33,124.73,58.44,96,100,4.38,light rain
51,Innisfail,AU,-17.53,146.03,59.58,62,0,5.06,clear sky
52,Carnot,CF,4.94,15.87,70.34,94,100,2.71,moderate rain
53,New Norfolk,AU,-42.78,147.06,39.0,87,47,3.15,scattered clouds
54,Airai,TL,-8.93,125.41,57.13,36,88,4.05,overcast clouds
55,Yellowknife,CA,62.46,-114.35,57.2,58,40,11.41,scattered clouds
56,Busselton,AU,-33.65,115.33,44.01,79,2,4.21,clear sky
57,Cabo San Lucas,MX,22.89,-109.91,90.0,52,20,5.82,few clouds
58,Bredasdorp,ZA,-34.53,20.04,59.0,82,100,2.24,overcast clouds
59,Borba,BR,-4.39,-59.59,101.19,22,0,2.35,clear sky
60,Chokurdakh,RU,70.63,147.92,32.92,94,100,9.84,overcast clouds
61,Kalangala,UG,-0.31,32.23,75.2,73,20,5.82,few clouds
62,Bealanana,MG,-14.55,48.73,56.28,90,98,3.98,overcast clouds
63,Atuona,PF,-9.8,-139.03,78.15,79,29,17.9,light rain
64,Dingle,PH,11.0,122.67,76.5,87,100,0.49,overcast clouds
65,Laguna,US,38.42,-121.42,88.0,37,1,3.36,haze
66,Ribeira Grande,PT,38.52,-28.7,75.2,88,75,8.05,broken clouds
67,Cherskiy,RU,68.75,161.3,38.28,93,100,13.27,overcast clouds
68,Georgetown,MY,5.41,100.34,82.4,88,20,3.36,few clouds
69,Coahuayana,MX,18.73,-103.68,78.8,83,75,6.93,broken clouds
70,Bethel,US,41.37,-73.41,87.01,58,40,5.82,scattered clouds
71,Vung Tau,VN,10.35,107.08,81.37,83,22,11.83,light rain
72,Dikson,RU,73.51,80.55,46.31,79,0,10.16,clear sky
73,Talakan,RU,50.32,130.37,60.98,91,100,3.6,overcast clouds
74,Ormara,PK,25.21,64.64,83.62,86,100,16.04,overcast clouds
75,Tasiilaq,GL,65.61,-37.64,48.2,76,0,9.17,clear sky
76,Longyearbyen,SJ,78.22,15.64,46.4,65,0,6.93,clear sky
77,Provideniya,RU,64.38,-173.3,50.05,91,100,4.61,light rain
78,Gusau,NG,12.16,6.66,77.13,82,53,6.46,light rain
79,Hasaki,JP,35.73,140.83,75.2,94,75,6.93,fog
80,Ayan,RU,56.45,138.17,53.51,66,0,5.37,clear sky
81,Tabuleiro Do Norte,BR,-5.25,-38.13,96.58,19,33,7.54,scattered clouds
82,Poronaysk,RU,49.22,143.12,55.83,93,94,2.57,overcast clouds
83,Ahtopol,BG,42.1,27.95,75.2,73,0,8.05,clear sky
84,Ostrovnoy,RU,68.05,39.51,58.82,88,79,17.34,broken clouds
85,Cape Town,ZA,-33.93,18.42,61.0,87,75,10.29,broken clouds
86,Venado Tuerto,AR,-33.75,-61.97,72.0,25,0,21.0,clear sky
87,Aleksandriya,RU,45.09,43.25,64.33,44,17,6.44,few clouds
88,Port Alfred,ZA,-33.59,26.89,58.24,82,0,9.06,clear sky
89,Imbituba,BR,-28.24,-48.67,64.4,68,75,10.29,broken clouds
90,Qaanaaq,GL,77.48,-69.36,37.58,83,99,3.36,overcast clouds
91,Codrington,AU,-38.27,141.97,44.65,81,100,9.06,overcast clouds
92,Billings,US,45.78,-108.5,81.0,33,20,4.7,haze
93,Collingwood,CA,44.48,-80.22,86.0,45,20,9.17,few clouds
94,Egvekinot,RU,66.32,-179.17,47.32,93,96,3.27,light rain
95,Jimma,ET,7.67,36.83,60.28,88,100,2.33,light rain
96,Hilo,US,19.73,-155.09,80.6,74,40,3.36,scattered clouds
97,Kalmunai,LK,7.42,81.82,80.69,76,6,11.5,clear sky
98,Vostok,RU,46.49,135.88,52.61,89,91,3.31,overcast clouds
99,Avarua,CK,-21.21,-159.78,71.6,83,0,4.7,clear sky
100,La Brea,HN,15.8,-85.97,93.7,49,100,5.59,overcast clouds
101,Severodvinsk,RU,64.56,39.83,60.8,93,90,6.71,light intensity shower rain
102,Mahebourg,MU,-20.41,57.7,71.6,73,20,13.87,few clouds
103,Biankouma,CI,7.74,-7.61,70.38,97,97,3.53,light rain
104,Castro,BR,-24.79,-50.01,57.15,70,13,10.29,few clouds
105,Nha Trang,VN,12.25,109.18,80.6,94,20,3.36,few clouds
106,Grand Gaube,MU,-20.01,57.66,72.0,69,47,8.01,scattered clouds
107,Phetchabun,TH,16.25,101.08,75.61,91,100,2.89,overcast clouds
108,Victoria,HK,22.29,114.16,84.0,74,63,5.01,broken clouds
109,Rio Grande,BR,-32.03,-52.1,68.0,60,0,16.11,clear sky
110,Puerto Ayacucho,VE,5.66,-67.62,87.8,55,75,4.7,broken clouds
111,Koutsouras,GR,35.03,25.95,82.99,42,0,11.01,clear sky
112,Lasa,IT,46.62,10.7,62.6,63,40,3.36,scattered clouds
113,Hithadhoo,MV,-0.6,73.08,82.47,78,11,12.01,moderate rain
114,Changli,CN,39.7,119.15,73.62,96,100,4.16,light rain
115,Caravelas,BR,-17.71,-39.25,68.27,85,100,12.21,light rain
116,Sao Joao Da Barra,BR,-21.64,-41.05,75.2,50,40,18.34,scattered clouds
117,Cayenne,GF,4.93,-52.33,78.8,83,5,4.7,clear sky
118,Asyut,EG,27.18,31.18,86.0,37,0,11.41,clear sky
119,Bambous Virieux,MU,-20.34,57.76,72.0,73,20,13.87,few clouds
120,Lavrentiya,RU,65.58,-171.0,46.99,94,100,5.1,overcast clouds
121,Volksrust,ZA,-27.37,29.88,50.38,42,0,3.06,clear sky
122,Shankargarh,IN,25.18,81.62,81.75,82,100,5.55,overcast clouds
123,Mantua,IT,45.17,10.78,73.0,73,100,11.01,heavy intensity rain
124,Amurzet,RU,47.7,131.1,59.18,94,100,4.61,overcast clouds
125,Tuktoyaktuk,CA,69.45,-133.04,60.8,72,40,11.41,scattered clouds
126,Ilhabela,BR,-23.78,-45.36,66.33,67,34,4.79,scattered clouds
127,Itarema,BR,-2.92,-39.92,81.41,66,0,21.03,clear sky
128,Tuatapere,NZ,-46.13,167.68,43.0,93,95,1.99,overcast clouds
129,Midland,US,32.0,-102.08,91.4,31,1,8.05,clear sky
130,Burnie,AU,-41.07,145.92,41.0,74,72,10.0,broken clouds
131,Tiksi,RU,71.69,128.87,37.63,79,100,10.02,overcast clouds
132,Mandalgovi,MN,45.76,106.27,56.77,58,0,9.75,clear sky
133,Kharp,RU,66.8,65.81,50.04,82,75,4.97,broken clouds
134,Kibala,TD,9.11,18.35,82.4,78,20,2.62,few clouds
135,Salalah,OM,17.02,54.09,77.0,100,90,4.7,overcast clouds
136,Opunake,NZ,-39.46,173.86,52.0,91,96,11.01,light rain
137,Filadelfia,US,39.95,-75.16,84.99,74,75,8.05,moderate rain
138,Velsk,RU,61.07,42.1,60.4,88,100,4.9,overcast clouds
139,Flinders,AU,-34.58,150.86,50.0,60,0,10.0,clear sky
140,Zuenoula,CI,7.43,-6.04,74.84,88,8,4.29,light rain
141,Makakilo City,US,21.35,-158.09,82.4,65,1,3.36,clear sky
142,Kavieng,PG,-2.57,150.8,77.95,87,100,9.22,light rain
143,Coquimbo,CL,-29.95,-71.34,55.4,62,90,14.99,overcast clouds
144,Nouadhibou,MR,20.93,-17.03,78.8,69,0,17.22,clear sky
145,Ilulissat,GL,69.22,-51.1,46.4,52,0,2.24,clear sky
146,Liwale,TZ,-9.77,37.93,70.5,73,83,2.93,light rain
147,Talpa,MX,28.83,-111.63,102.0,35,4,1.99,clear sky
148,Mamonovo,RU,54.46,19.94,66.2,72,20,4.47,few clouds
149,Kaitangata,NZ,-46.28,169.85,52.0,90,100,15.99,overcast clouds
150,Kodinsk,RU,58.69,99.18,53.58,89,97,1.1,overcast clouds
151,Hambantota,LK,6.12,81.12,78.8,100,20,5.82,few clouds
152,Ketchikan,US,55.34,-131.65,57.2,100,90,9.17,light rain
153,Gunjur,GM,13.2,-16.73,84.2,83,75,3.36,broken clouds
154,Rorvik,NO,64.86,11.24,53.6,62,40,16.11,scattered clouds
155,Bilibino,RU,68.05,166.44,38.79,90,100,3.04,overcast clouds
156,Maceio,BR,-9.67,-35.74,80.6,61,20,10.29,few clouds
157,Wanning,CN,18.8,110.4,80.22,86,100,9.73,overcast clouds
158,Leningradskiy,RU,69.38,178.42,43.77,88,95,11.92,overcast clouds
159,Taoudenni,ML,22.68,-3.98,108.3,7,0,13.09,clear sky
160,Ouango,CF,4.31,22.56,70.27,97,61,1.79,broken clouds
161,Ridgecrest,US,35.62,-117.67,96.01,15,0,5.53,clear sky
162,Cidreira,BR,-30.18,-50.21,61.74,73,0,16.08,clear sky
163,Buta,CD,2.79,24.73,68.22,97,100,0.38,overcast clouds
164,Odweyne,SO,9.41,45.06,74.62,53,100,18.03,overcast clouds
165,Faanui,PF,-16.48,-151.75,76.5,78,35,19.89,scattered clouds
166,Pacific Grove,US,36.62,-121.92,78.01,60,40,4.7,smoke
167,Pevek,RU,69.7,170.31,37.69,96,100,4.74,overcast clouds
168,Muravlenko,RU,63.79,74.52,53.65,92,100,5.93,overcast clouds
169,Charo,MX,19.75,-101.05,75.2,38,20,4.7,few clouds
170,Nuuk,GL,64.18,-51.72,41.0,93,99,4.7,overcast clouds
171,Viedma,AR,-40.81,-63.0,69.01,28,100,8.01,overcast clouds
172,Lovington,US,32.94,-103.35,93.0,29,5,11.41,clear sky
173,Mascote,BR,-15.56,-39.3,68.61,93,100,4.21,light rain
174,Smithers,CA,54.78,-127.17,55.4,76,75,2.24,broken clouds
175,Chuy,UY,-33.7,-53.46,61.48,63,0,10.71,clear sky
176,Robertsport,LR,6.75,-11.37,76.44,89,93,17.13,light rain
177,Porto Novo,BJ,6.5,2.6,77.0,88,20,13.87,few clouds
178,Mount Gambier,AU,-37.83,140.77,37.4,100,100,4.7,overcast clouds
179,Nola,IT,40.92,14.53,80.6,78,20,5.82,few clouds
180,Avera,US,33.19,-82.53,84.2,51,90,9.17,light rain
181,Krasnoselkup,RU,65.7,82.47,48.67,93,82,1.01,broken clouds
182,Ucluelet,CA,48.93,-125.55,63.0,87,75,4.7,broken clouds
183,Luderitz,NA,-26.65,15.16,59.77,69,0,12.08,clear sky
184,Paita,PE,-5.09,-81.11,68.7,63,0,17.47,clear sky
185,Camacha,PT,33.08,-16.33,75.2,73,40,14.99,scattered clouds
186,Golfito,CR,8.64,-83.17,81.16,82,100,4.85,moderate rain
187,Salamanca,ES,40.83,-6.0,82.99,29,0,9.6,clear sky
188,Portland,US,45.52,-122.68,73.0,56,1,4.7,clear sky
189,Lebu,CL,-37.62,-73.65,50.72,90,100,20.69,light rain
190,Vila Velha,BR,-20.33,-40.29,71.6,64,75,20.8,broken clouds
191,Miles City,US,46.41,-105.84,78.8,27,1,10.29,clear sky
192,Orlik,RU,52.52,99.83,42.21,69,57,0.16,broken clouds
193,Antofagasta,CL,-23.65,-70.4,59.0,67,40,10.29,scattered clouds
194,Poum,NC,-20.23,164.02,71.85,82,93,16.8,overcast clouds
195,Vikulovo,RU,56.82,70.61,50.32,96,0,5.59,clear sky
196,Meulaboh,ID,4.14,96.13,77.63,82,100,3.47,overcast clouds
197,Morada Nova,BR,-5.11,-38.37,95.97,21,16,6.46,few clouds
198,Ambilobe,MG,-13.2,49.05,67.98,77,43,4.09,scattered clouds
199,Bad Sachsa,DE,51.59,10.56,68.0,73,9,6.42,clear sky
200,Bagdarin,RU,54.43,113.6,50.0,92,100,3.98,light rain
201,Nagato,JP,34.38,131.2,78.8,83,20,2.24,few clouds
202,Kungurtug,RU,50.6,97.52,46.08,66,91,2.15,overcast clouds
203,Torbay,CA,47.67,-52.73,70.0,63,40,5.82,scattered clouds
204,Murdochville,CA,48.96,-65.5,57.56,69,100,1.3,overcast clouds
205,Norman Wells,CA,65.28,-126.83,64.4,63,20,14.99,few clouds
206,Tura,IN,25.52,90.22,74.25,97,74,4.68,light rain
207,Ancud,CL,-41.87,-73.82,53.01,93,90,11.41,overcast clouds
208,Abatskoye,RU,56.29,70.46,50.94,93,0,6.13,clear sky
209,Puerto Escondido,MX,15.85,-97.07,82.4,65,90,9.17,overcast clouds
210,Kloulklubed,PW,7.04,134.26,84.07,69,98,8.93,overcast clouds
211,Tupik,RU,54.43,119.93,51.84,75,100,3.4,overcast clouds
212,Neftcala,AZ,39.37,49.25,63.79,77,100,11.45,overcast clouds
213,Hovd,MN,48.01,91.64,60.22,43,18,7.09,few clouds
214,Isangel,VU,-19.55,169.27,74.75,87,19,4.38,few clouds
215,Santo Domingo,DO,18.5,-69.99,86.0,94,75,7.83,shower rain
216,Cooma,AU,-36.23,149.13,28.4,92,1,3.36,clear sky
217,Epe,NG,6.58,3.98,74.79,85,100,6.98,overcast clouds
218,Grindavik,IS,63.84,-22.43,55.4,62,0,8.05,clear sky
219,Clyde,US,41.3,-82.98,86.0,48,1,6.93,clear sky
220,Sao Miguel Do Araguaia,BR,-13.28,-50.16,97.25,21,42,3.4,scattered clouds
221,Road Town,VG,18.42,-64.62,87.8,74,40,9.17,scattered clouds
222,Buraydah,SA,26.33,43.98,100.4,19,0,4.7,clear sky
223,Mitchell,US,43.71,-98.03,91.4,52,1,6.93,clear sky
224,Mount Isa,AU,-20.73,139.5,44.6,39,64,13.13,broken clouds
225,Vernon,CA,50.26,-119.27,68.0,53,100,2.1,overcast clouds
226,Beidao,CN,34.57,105.89,59.68,80,0,1.16,clear sky
227,Caluquembe,AO,-13.78,14.68,66.52,43,55,0.25,broken clouds
228,Podor,MR,16.65,-14.96,96.8,47,75,4.7,broken clouds
229,Roma,US,43.21,-75.46,87.8,45,1,6.93,clear sky
230,Goundam,ML,16.41,-3.67,95.04,35,43,8.88,scattered clouds
231,Fairbanks,US,64.84,-147.72,63.0,87,20,5.82,few clouds
232,Sheridan,US,44.83,-106.92,80.01,29,1,13.87,clear sky
233,Saint-Philippe,RE,-21.36,55.77,69.8,72,36,4.7,scattered clouds
234,Puerto Ayora,EC,-0.74,-90.35,77.0,53,20,18.34,few clouds
235,Guantanamo,CU,20.14,-75.21,91.0,59,75,17.22,shower rain
236,Novo Aripuana,BR,-5.12,-60.38,101.28,21,0,2.71,clear sky
237,Kangaatsiaq,GL,68.31,-53.46,46.76,76,4,2.04,clear sky
238,Ponta Do Sol,PT,32.67,-17.1,77.0,68,0,3.22,clear sky
239,Atasu,KZ,48.68,71.64,62.64,46,100,8.66,overcast clouds
240,East London,ZA,-33.02,27.91,63.55,70,75,5.5,broken clouds
241,Bukoba,TZ,-1.33,31.81,71.6,57,95,4.0,overcast clouds
242,Sobolevo,RU,54.43,31.9,62.78,79,100,10.27,overcast clouds
243,Baiyin,CN,36.56,104.21,60.01,100,0,4.47,clear sky
244,Lompoc,US,34.64,-120.46,73.0,78,20,8.05,few clouds
245,Kruisfontein,ZA,-34.0,24.73,55.0,85,98,5.39,overcast clouds
246,Parrita,CR,9.52,-84.32,73.4,78,75,12.75,broken clouds
247,Trebisacce,IT,39.87,16.53,81.0,57,0,10.0,clear sky
248,Ternate,ID,0.8,127.4,79.38,83,75,2.95,light rain
249,Ulaangom,MN,49.98,92.07,55.63,65,43,3.11,scattered clouds
250,Tazovskiy,RU,67.47,78.7,52.57,91,99,9.93,light rain
251,Saint-Pierre,RE,-21.34,55.48,66.2,72,0,4.7,clear sky
252,Vazante,BR,-17.99,-46.91,78.22,46,36,8.21,scattered clouds
253,Loukhi,RU,66.08,33.04,57.7,90,25,7.56,scattered clouds
254,Mweka,CD,-4.85,21.57,72.19,91,100,2.35,moderate rain
255,Okhotsk,RU,59.38,143.3,44.24,72,17,1.77,few clouds
256,Shadegan,IR,30.65,48.66,93.2,66,0,4.7,clear sky
257,Auki,SB,-8.77,160.7,77.13,87,95,4.34,overcast clouds
258,Honningsvag,NO,70.98,25.97,57.2,82,75,11.41,broken clouds
259,Puerto Rico,AR,-26.8,-55.02,72.28,43,0,5.68,clear sky
260,Bilma,NE,18.69,12.92,93.74,35,1,12.41,light rain
261,Clyde River,CA,70.47,-68.59,42.73,89,100,8.25,overcast clouds
262,Namwala,ZM,-15.75,26.44,66.63,37,0,8.81,clear sky
263,Isla Aguada,MX,18.78,-91.47,86.0,70,75,6.93,broken clouds
264,Kyabe,TD,9.45,18.94,74.21,94,100,3.51,moderate rain
265,Senno,RU,59.53,33.92,60.01,92,97,1.99,overcast clouds
266,Suleja,NG,9.18,7.18,73.27,94,100,1.59,moderate rain
267,San Cristobal,VE,7.77,-72.22,87.8,52,40,17.22,scattered clouds
268,Kamaishi,JP,39.27,141.88,72.1,78,100,3.4,overcast clouds
269,Nome,US,64.5,-165.41,51.8,81,90,9.17,overcast clouds
270,Nanortalik,GL,60.14,-45.24,47.37,78,0,3.71,clear sky
271,Pisco,PE,-13.7,-76.22,64.0,77,75,8.05,broken clouds
272,Pemberton,CA,50.32,-122.8,61.0,67,90,2.24,overcast clouds
273,Hami,CN,42.8,93.45,80.76,22,19,5.86,few clouds
274,Mujiayingzi,CN,42.12,118.78,61.61,90,100,6.15,moderate rain
275,Victor Vlad Delamarina,RO,45.64,21.89,77.0,83,20,10.29,few clouds
276,Narsaq,GL,60.92,-46.05,57.2,54,0,10.29,clear sky
277,Kusti,SD,13.16,32.66,82.72,65,97,10.38,overcast clouds
278,Djenne,ML,13.91,-4.55,84.9,59,53,7.36,broken clouds
279,Mehran,IR,33.12,46.16,75.2,31,0,4.7,clear sky
280,Mutis,CO,6.23,-77.4,81.64,76,66,7.67,light rain
281,Vanimo,PG,-2.67,141.3,77.41,81,100,4.59,light rain
282,Savona,IT,44.3,8.27,79.0,81,0,2.01,clear sky
283,Tabas,IR,33.6,56.92,96.8,18,0,6.93,clear sky
284,Asau,RO,46.43,26.4,66.99,80,0,2.17,clear sky
285,Sorong,ID,-0.88,131.25,77.25,84,100,5.82,overcast clouds
286,Manokwari,ID,-0.87,134.08,78.46,75,36,6.13,light rain
287,Beringovskiy,RU,63.05,179.32,51.87,83,0,4.92,clear sky
288,Bubaque,GW,11.28,-15.83,80.11,82,57,11.05,broken clouds
289,Kargopol,RU,61.51,38.95,58.1,96,100,7.14,overcast clouds
290,Evensk,RU,61.95,159.23,42.37,66,96,8.57,overcast clouds
291,Sioux Lookout,CA,50.1,-91.92,77.0,69,90,8.05,overcast clouds
292,Shasta Lake,US,40.68,-122.37,89.01,33,90,6.6,haze
293,Saint George,US,37.1,-113.58,96.01,26,1,4.7,clear sky
294,La Rioja,ES,42.25,-2.5,73.4,49,17,4.7,few clouds
295,Hervey Bay,AU,-25.3,152.85,51.01,43,0,8.05,clear sky
296,San Patricio,MX,19.22,-104.7,89.6,66,75,9.17,broken clouds
297,Altay,CN,47.87,88.12,61.43,39,90,4.65,overcast clouds
298,Rawson,AR,-43.3,-65.1,65.46,27,85,5.44,overcast clouds
299,Phon,TH,15.82,102.6,76.68,87,100,8.28,overcast clouds
300,Vilyuysk,RU,63.76,121.62,39.74,81,0,4.74,clear sky
301,Padang,ID,-0.95,100.35,79.23,70,100,3.62,overcast clouds
302,Ampanihy,MG,-24.7,44.75,67.28,77,0,5.99,clear sky
303,Sao Felix Do Xingu,BR,-6.64,-51.99,102.16,17,0,2.26,clear sky
304,Beloha,MG,-25.17,45.05,66.27,85,0,4.12,clear sky
305,Shunyi,CN,40.12,116.65,73.0,94,90,8.95,light rain
306,Ponta Delgada,PT,37.73,-25.67,75.2,78,20,13.87,few clouds
307,Uray,RU,60.12,64.78,55.31,79,98,7.61,overcast clouds
308,Coihaique,CL,-45.58,-72.07,39.2,86,90,6.98,light rain
309,San Luis,AR,-33.3,-66.34,69.84,22,0,17.29,clear sky
310,Ramshir,IR,30.89,49.41,89.6,66,0,4.7,clear sky
311,Santona,ES,43.44,-3.46,70.0,77,40,5.82,scattered clouds
312,Yarmouth,US,41.71,-70.23,84.0,65,1,8.05,clear sky
313,Bulgan,MN,48.81,103.53,48.31,85,0,2.77,clear sky
314,Dunedin,NZ,-45.87,170.5,48.99,96,100,8.01,overcast clouds
315,Broome,US,42.25,-75.83,82.99,51,1,8.05,clear sky
316,Yaan,NG,7.38,8.57,72.5,97,100,4.29,moderate rain
317,Vila Franca Do Campo,PT,37.72,-25.43,75.2,78,20,13.87,few clouds
318,Bowen,AU,-20.02,148.23,54.0,93,55,3.36,broken clouds
319,Semnan,IR,35.57,53.4,72.28,46,0,13.04,clear sky
320,Williamsport,US,41.24,-77.0,84.99,54,1,5.82,clear sky
321,Amazar,RU,53.86,120.88,51.69,90,100,7.02,moderate rain
322,Arraial Do Cabo,BR,-22.97,-42.03,71.6,68,75,11.41,broken clouds
323,Nhulunbuy,AU,-12.23,136.77,64.4,82,0,4.7,clear sky
324,Klaksvik,FO,62.23,-6.59,46.4,81,57,13.87,broken clouds
325,Usinsk,RU,65.99,57.53,47.61,79,0,6.2,clear sky
326,Seoul,KR,37.57,126.98,75.2,88,90,0.92,overcast clouds
327,College,US,64.86,-147.8,60.8,77,40,0.49,scattered clouds
328,Vestmannaeyjar,IS,63.44,-20.27,53.6,76,47,11.41,scattered clouds
329,Bardiyah,LY,31.76,25.09,75.97,82,0,10.25,clear sky
330,Aklavik,CA,68.22,-135.01,60.8,72,75,9.17,broken clouds
331,Senneterre,CA,48.38,-77.23,77.0,41,40,8.05,scattered clouds
332,Bratslav,UA,48.82,28.94,68.0,73,0,6.49,clear sky
333,Sibanicu,CU,21.23,-77.53,89.6,70,40,17.22,scattered clouds
334,Port Lincoln,AU,-34.73,135.87,46.85,82,6,2.08,clear sky
335,Acapulco,MX,16.86,-99.89,84.2,79,40,3.36,scattered clouds
336,Ahipara,NZ,-35.17,173.17,54.88,80,89,18.72,light rain
337,Shitanjing,CN,39.23,106.34,65.53,52,0,7.14,clear sky
338,Moyale,KE,3.52,39.06,70.93,61,84,6.02,broken clouds
339,Souillac,MU,-20.52,57.52,71.6,73,20,13.87,few clouds
340,Gusinoye Ozero,RU,51.11,106.26,56.12,83,100,2.93,light rain
341,Montepuez,MZ,-13.13,39.0,70.81,63,40,6.04,scattered clouds
342,Lincoln,US,40.8,-96.67,93.0,46,1,3.36,clear sky
343,Bunia,CD,1.57,30.25,64.33,92,95,2.55,overcast clouds
344,Erdenet,MN,49.03,104.08,46.24,87,0,2.86,clear sky
345,Chapais,CA,49.78,-74.85,68.0,52,40,11.41,scattered clouds
346,Namibe,AO,-15.2,12.15,66.52,87,71,1.74,broken clouds
347,Saquarema,BR,-22.92,-42.51,71.6,68,40,10.29,scattered clouds
348,General Roca,AR,-39.03,-67.58,66.2,24,0,3.36,clear sky
349,Waingapu,ID,-9.66,120.26,73.76,84,66,6.15,broken clouds
350,Quang Ngai,VN,15.12,108.8,77.47,87,100,4.9,overcast clouds
351,Warmbad,NA,-28.45,18.73,66.97,25,0,4.94,clear sky
352,Praia,CV,14.92,-23.51,82.4,74,75,9.17,broken clouds
353,Keti Bandar,PK,24.14,67.45,83.95,83,100,22.93,overcast clouds
354,Kattivakkam,IN,13.22,80.32,84.2,83,40,10.29,scattered clouds
355,Gushikawa,JP,26.35,127.87,82.4,88,75,18.34,light rain
356,Taikang,CN,46.83,124.42,66.9,90,100,7.58,overcast clouds
357,Redlands,US,34.06,-117.18,90.0,43,20,6.76,haze
358,Shimoda,JP,34.67,138.95,70.0,93,100,1.01,overcast clouds
359,Neiafu,TO,-18.65,-173.98,77.0,83,40,11.41,scattered clouds
360,Kyshtovka,RU,56.55,76.63,50.14,92,62,5.44,broken clouds
361,Pangnirtung,CA,66.15,-65.71,42.8,93,75,10.29,mist
362,Constitucion,CL,-35.33,-72.42,53.91,71,100,19.55,overcast clouds
363,Alice Springs,AU,-23.7,133.88,48.2,42,0,5.61,clear sky
364,Matay,EG,28.42,30.78,87.69,29,0,18.59,clear sky
365,West Bay,KY,19.37,-81.42,91.0,75,20,9.82,few clouds
366,Dzierzoniow,PL,50.73,16.65,57.99,81,45,3.2,scattered clouds
367,Balkhash,KZ,46.84,74.98,71.17,47,64,6.11,broken clouds
368,Yerbogachen,RU,61.28,108.01,46.67,63,1,6.82,clear sky
369,Rodrigues Alves,BR,-7.74,-72.65,80.6,54,40,3.36,scattered clouds
370,Santiago Del Estero,AR,-27.8,-64.26,78.08,18,81,15.9,broken clouds
371,Tessalit,ML,20.2,1.01,98.02,23,60,7.27,broken clouds
372,Camana,PE,-16.62,-72.71,63.23,67,64,6.91,broken clouds
373,Opuwo,NA,-18.06,13.84,64.24,28,6,4.16,clear sky
374,Gidole,ET,5.65,37.37,63.88,68,99,3.53,overcast clouds
375,Sulangan,PH,11.14,123.72,83.93,72,3,3.89,clear sky
376,Saldanha,ZA,-33.01,17.94,55.4,82,86,5.82,overcast clouds
377,Lagoa,PT,39.05,-27.98,73.8,89,0,15.46,clear sky
378,Sao Filipe,CV,14.9,-24.5,79.61,78,100,5.99,overcast clouds
379,San Quintin,MX,30.48,-115.95,79.38,59,0,9.26,clear sky
380,Telfs,AT,47.3,11.07,62.6,82,20,1.12,few clouds
381,Calvinia,ZA,-31.47,19.78,57.0,37,99,3.0,overcast clouds
382,Yulara,AU,-25.24,130.99,57.2,38,0,5.82,clear sky
383,Piranhas,BR,-16.43,-51.82,92.59,26,17,6.82,few clouds
384,Marzuq,YE,14.4,46.47,84.72,40,100,6.64,overcast clouds
385,Zhigansk,RU,66.77,123.37,39.76,88,1,15.43,clear sky
386,Chirilagua,SV,13.22,-88.14,86.0,79,40,2.24,scattered clouds
387,Chopinzinho,BR,-25.86,-52.52,65.53,62,0,6.49,clear sky
388,Sept-Iles,CA,50.2,-66.38,64.4,55,75,9.17,broken clouds
389,Iqaluit,CA,63.75,-68.51,46.4,81,40,4.7,scattered clouds
390,Talcahuano,CL,-36.72,-73.12,55.4,71,90,26.4,overcast clouds
391,Haines Junction,CA,60.75,-137.51,56.88,64,99,3.11,overcast clouds
392,Andenes,NO,69.31,16.12,53.6,87,90,17.22,overcast clouds
393,Tsaratanana,MG,-16.78,47.65,64.76,66,70,10.49,broken clouds
394,Tazmalt,DZ,36.39,4.4,80.6,78,75,5.82,broken clouds
395,Mataram,ID,-8.58,116.12,75.2,94,40,2.24,scattered clouds
396,Xai-Xai,MZ,-25.05,33.64,66.06,66,0,12.1,clear sky
397,Onguday,RU,50.75,86.15,47.95,74,100,1.54,overcast clouds
398,Geraldton,AU,-28.77,114.6,48.2,87,75,5.82,broken clouds
399,Matara,LK,5.95,80.54,78.31,87,2,5.17,clear sky
400,Isla Mujeres,MX,21.23,-86.73,82.99,100,90,10.16,overcast clouds
401,Wallaceburg,CA,42.59,-82.39,86.0,48,75,3.36,broken clouds
402,Kaeo,NZ,-35.1,173.78,54.0,3,92,13.0,light rain
403,Katsuura,JP,35.13,140.3,78.01,91,68,3.0,broken clouds
404,Potenza,IT,40.64,15.81,70.81,64,4,3.18,clear sky
405,Lata,PT,40.16,-8.33,77.0,65,0,3.0,clear sky
406,Labuan,MY,5.28,115.24,77.0,100,40,2.24,thunderstorm with light rain
407,Chacabuco,AR,-34.64,-60.47,70.0,32,31,15.01,scattered clouds
408,Skjervoy,NO,70.03,20.97,57.2,93,75,4.7,broken clouds
409,Mikepercs,HU,47.45,21.63,69.8,83,100,6.93,moderate rain
410,Belmonte,BR,-15.86,-38.88,71.6,78,75,6.93,shower rain
411,Touros,BR,-5.2,-35.46,82.4,61,20,17.22,few clouds
412,Komsomolskiy,UZ,40.43,71.72,77.0,38,0,2.24,clear sky
413,Calhoun,US,42.25,-85.0,84.2,45,40,11.41,scattered clouds
414,Ariquemes,BR,-9.91,-63.04,98.1,19,0,3.44,clear sky
415,Adrar,MR,20.5,-10.07,106.29,12,53,14.74,broken clouds
416,Ixtapa,MX,20.7,-105.2,88.0,58,5,4.7,clear sky
417,Saint-Augustin,CA,51.23,-58.65,60.37,78,98,9.35,light rain
418,Sangin,AF,32.07,64.84,80.26,16,0,0.51,clear sky
419,San Ramon,US,37.78,-121.98,88.0,42,1,4.7,haze
420,Khonsa,IN,27.02,95.57,69.76,93,100,2.48,overcast clouds
421,Tete,MZ,-16.16,33.59,73.4,46,26,4.7,scattered clouds
422,Bakchar,RU,57.02,82.07,50.86,97,58,3.31,broken clouds
423,Sao Jose Da Coroa Grande,BR,-8.9,-35.15,77.59,70,90,8.16,overcast clouds
424,Sungaipenuh,ID,-2.08,101.38,65.89,92,98,3.78,light rain
425,Vanavara,RU,60.34,102.28,53.83,83,100,3.67,overcast clouds
426,Mayo,US,38.89,-76.51,90.0,78,75,11.41,broken clouds
427,Margate,GB,51.38,1.39,68.0,70,100,1.99,light rain
428,Nichinan,JP,31.6,131.37,78.28,82,0,1.97,clear sky
429,Arcachon,FR,44.59,-1.05,71.6,64,81,6.93,broken clouds
430,Santa Clara,CU,22.4,-79.97,91.4,59,75,17.22,broken clouds
431,Novoagansk,RU,61.94,76.66,48.49,92,0,2.24,clear sky
432,Mikhaylov,RU,54.23,39.02,57.0,62,100,4.97,overcast clouds
433,Kamenka,RU,51.32,42.77,59.0,67,0,4.68,clear sky
434,Goderich,CA,43.75,-81.72,86.0,85,0,1.99,clear sky
435,Datong,CN,40.09,113.29,60.24,79,99,10.29,overcast clouds
436,Ayutla,MX,20.12,-104.33,83.41,45,1,2.1,light rain
437,Vilhena,BR,-12.74,-60.15,89.6,35,19,3.36,few clouds
438,Nishihara,JP,26.18,127.76,82.4,88,90,16.11,light intensity shower rain
439,Bousso,TD,10.48,16.71,75.9,91,100,3.94,overcast clouds
440,Anchorage,US,61.22,-149.9,61.0,82,90,4.7,moderate rain
441,Mahendranagar,NP,28.92,80.33,77.94,81,2,4.18,clear sky
442,Iacu,BR,-12.77,-40.21,80.98,50,81,10.18,broken clouds
443,Alamosa,US,37.47,-105.87,80.6,21,1,4.7,clear sky
444,Yafran,LY,32.06,12.53,72.79,67,0,5.28,clear sky
445,Eirunepe,BR,-6.66,-69.87,91.67,36,0,1.68,clear sky
446,Florida,US,28.75,-82.5,93.99,55,75,5.82,broken clouds
447,Springbok,ZA,-29.66,17.89,54.39,50,0,1.5,clear sky
448,Piraju,BR,-23.19,-49.38,67.55,56,0,11.48,clear sky
449,Bansdih,IN,25.88,84.22,84.9,68,0,2.42,clear sky
450,Grenville,GD,12.12,-61.62,86.0,79,20,10.29,few clouds
451,Grants,US,35.15,-107.85,91.4,14,1,6.93,clear sky
452,Faya,SA,18.39,42.45,73.4,88,55,4.7,broken clouds
453,Marabba,SD,12.35,32.18,79.05,78,100,7.76,overcast clouds
454,Henties Bay,NA,-22.12,14.28,59.0,83,0,1.99,clear sky
455,Shenjiamen,CN,29.96,122.3,80.2,83,0,10.54,clear sky
456,Frederikshavn,DK,57.44,10.54,61.0,79,12,5.01,few clouds
457,Atar,MR,20.52,-13.05,109.4,21,27,11.41,scattered clouds
458,Port Blair,IN,11.67,92.75,81.43,82,100,8.86,overcast clouds
459,Kotido,UG,2.98,34.13,73.74,55,100,5.97,overcast clouds
460,Khandyga,RU,62.67,135.6,40.01,68,100,1.79,overcast clouds
461,Huarmey,PE,-10.07,-78.15,67.84,62,6,8.41,clear sky
462,La Ronge,CA,55.1,-105.28,66.2,55,75,21.92,broken clouds
463,North Bend,US,43.41,-124.22,75.0,77,20,10.29,few clouds
464,Naryan-Mar,RU,67.67,53.09,55.94,86,0,11.16,clear sky
465,Mitsamiouli,KM,-11.38,43.28,77.0,69,20,3.36,few clouds
466,Fortuna,US,40.6,-124.16,64.4,77,20,6.93,few clouds
467,Mumbwa,ZM,-14.98,27.06,67.75,38,84,8.63,broken clouds
468,Pervoavgustovskiy,RU,52.23,35.06,60.66,72,0,5.14,clear sky
469,Abilene,US,32.45,-99.73,91.99,31,1,7.34,clear sky
470,Rocha,UY,-34.48,-54.33,63.03,57,0,10.25,clear sky
471,El Retorno,CO,2.33,-72.63,83.28,62,65,4.47,broken clouds
472,Tezu,IN,27.92,96.17,75.83,85,97,3.22,light rain
473,Kutum,SD,14.2,24.67,76.32,67,90,10.09,light rain
474,Amos,CA,48.57,-78.12,77.0,41,40,8.05,scattered clouds
475,Teahupoo,PF,-17.83,-149.27,78.8,69,20,21.14,few clouds
476,Bambanglipuro,ID,-7.95,110.28,73.72,88,44,3.49,scattered clouds
477,Sorland,NO,67.67,12.69,51.8,81,75,6.93,broken clouds
478,Necochea,AR,-38.55,-58.74,66.0,43,0,21.0,clear sky
479,Aquiraz,BR,-3.9,-38.39,84.2,58,20,16.11,few clouds
480,Lively,CA,46.43,-81.15,69.01,94,90,9.17,light rain
481,Flin Flon,CA,54.77,-101.86,68.0,52,40,19.46,scattered clouds
482,Balsas,BR,-7.53,-46.04,95.67,23,87,7.54,overcast clouds
483,Anadyr,RU,64.75,177.48,50.0,93,40,2.24,scattered clouds
484,Baykit,RU,61.67,96.37,51.89,88,0,2.06,clear sky
485,Atoka,US,34.4,-96.02,95.0,30,1,6.24,clear sky
486,Beira,MZ,-19.84,34.84,67.32,77,0,7.07,clear sky
487,Kilindoni,TZ,-7.91,39.67,77.04,74,85,14.88,light rain
488,Deshnok,IN,27.8,73.34,89.28,56,0,10.49,clear sky
489,Lac Du Bonnet,CA,50.25,-96.06,75.99,99,100,5.01,overcast clouds
490,Sambava,MG,-14.27,50.17,71.38,79,52,11.86,light rain
491,Tucuman,AR,-26.82,-65.22,75.2,17,100,4.7,smoke
492,Nakamura,JP,32.98,132.93,74.34,88,0,2.59,clear sky
493,Akdepe,TM,42.06,59.38,80.6,42,0,20.8,clear sky
494,Obeliai,LT,55.97,25.15,61.45,85,100,7.31,overcast clouds
495,Salinas,US,36.68,-121.66,79.0,56,1,10.29,haze
496,Sechura,PE,-5.56,-80.82,76.1,46,4,13.42,clear sky
497,Lamu,KE,-2.27,40.9,75.81,81,0,14.99,clear sky
498,Concepcion Del Uruguay,AR,-32.48,-58.24,72.0,37,0,8.99,clear sky
499,Severnyy,RU,50.68,36.55,66.2,55,86,6.71,overcast clouds
500,Chitral,PK,35.85,71.79,77.09,54,5,3.06,clear sky
501,Agirish,RU,61.92,63.02,49.35,94,0,5.12,clear sky
502,Kieta,PG,-6.22,155.63,75.83,90,100,4.47,heavy intensity rain
503,Alofi,NU,-19.06,-169.92,75.2,78,100,9.17,overcast clouds
504,Pierre,US,44.37,-100.35,91.4,43,1,10.29,clear sky
505,Maumere,ID,-8.62,122.21,75.69,77,92,2.04,overcast clouds
506,Shepsi,RU,44.04,39.15,72.12,55,0,9.95,clear sky
507,Shingu,JP,33.73,135.98,74.53,90,10,3.47,clear sky
508,Kuusamo,FI,65.97,29.18,57.2,87,40,8.05,scattered clouds
509,Srednekolymsk,RU,67.45,153.68,34.93,87,100,7.72,overcast clouds
510,Timizart,DZ,36.8,4.27,73.94,80,0,8.95,clear sky
511,La Asuncion,VE,11.03,-63.86,96.8,47,56,16.11,light rain
512,Gilgit,PK,35.92,74.31,84.31,19,0,1.72,clear sky
513,Urzhum,RU,57.11,50.0,58.73,87,0,4.76,clear sky
514,Nyurba,RU,63.28,118.33,39.29,83,0,3.31,clear sky
515,Mwinilunga,ZM,-11.74,24.43,65.23,33,34,5.57,scattered clouds
516,Elko,US,41.0,-115.5,90.0,9,92,5.01,overcast clouds
517,Pozhva,RU,59.09,56.08,53.87,87,50,3.47,scattered clouds
518,Bacolod,PH,10.67,122.95,78.22,82,76,3.98,broken clouds
519,Noumea,NC,-22.28,166.46,73.0,94,90,2.24,overcast clouds
520,Trinidad,BO,-14.83,-64.9,77.0,44,0,3.36,clear sky
521,Lorengau,PG,-2.02,147.27,76.17,89,100,6.13,moderate rain
522,Hegang,CN,47.4,130.37,56.43,95,100,2.68,overcast clouds
523,Vysokogornyy,RU,50.12,139.15,53.83,94,95,2.08,overcast clouds
524,Kushima,JP,31.46,131.23,77.36,84,0,1.63,clear sky
525,Vardo,NO,70.37,31.11,57.2,87,100,17.22,light rain
526,Verkhoyansk,RU,67.54,133.38,38.03,87,94,5.17,overcast clouds
527,Mecca,SA,21.43,39.83,92.61,25,5,4.12,clear sky
528,Dubbo,AU,-32.25,148.62,33.8,100,1,5.82,clear sky
529,Bludenz,AT,47.15,9.82,69.01,75,70,2.39,broken clouds
530,Bahia Honda,CU,22.9,-83.16,90.41,64,100,7.02,overcast clouds
531,Qena,EG,26.16,32.72,91.4,27,0,4.7,clear sky
532,Arruda Dos Vinhos,PT,38.98,-9.08,75.2,57,0,19.46,clear sky
533,Basse,DE,52.55,9.51,64.99,77,14,5.82,few clouds
534,Grenada,ES,37.19,-3.61,93.2,26,0,9.17,clear sky
535,Cabedelo,BR,-6.98,-34.83,82.4,58,20,14.99,few clouds
536,Beasain,ES,43.05,-2.2,72.0,55,0,3.0,clear sky
537,Payo,ID,-3.75,103.64,72.86,91,100,1.63,overcast clouds
538,Bathsheba,BB,13.22,-59.52,87.8,66,20,10.29,shower rain
539,Marawi,PH,8.0,124.29,75.99,91,69,5.01,broken clouds
540,Oranjestad,AW,12.52,-70.03,86.0,74,20,20.8,few clouds
541,Balclutha,NZ,-46.23,169.75,52.0,90,100,15.01,overcast clouds
542,Presidente Medici,BR,-11.18,-61.9,98.89,21,0,4.47,clear sky
543,Mhango,TZ,-3.28,32.85,70.74,38,25,3.87,scattered clouds
544,Werota,ET,11.92,37.7,62.94,86,46,1.99,moderate rain
545,Makat,KZ,47.65,53.35,72.72,37,40,8.81,scattered clouds
546,Lufilufi,WS,-13.87,-171.6,71.6,100,20,5.82,few clouds
547,Cap Malheureux,MU,-19.98,57.61,72.0,69,39,8.01,scattered clouds
548,Teknaf,BD,20.86,92.31,78.75,91,100,7.16,moderate rain
549,Bay-Khaak,RU,51.17,94.5,53.19,69,100,3.69,overcast clouds
550,Marfino,RU,55.7,37.38,66.0,63,100,6.71,overcast clouds
551,Tharad,IN,24.4,71.63,80.01,88,100,14.92,moderate rain
552,Hobyo,SO,5.35,48.53,75.88,78,46,25.68,scattered clouds
553,Senador Jose Porfirio,BR,-2.59,-51.95,89.24,51,35,2.86,scattered clouds
554,Fukue,JP,32.69,128.84,81.91,72,0,4.56,clear sky
555,Muros,ES,42.78,-9.06,73.99,65,0,8.01,clear sky
556,Ust-Karsk,RU,52.7,118.81,57.29,91,100,4.79,light rain
557,Nemuro,JP,43.32,145.57,62.91,97,49,4.05,scattered clouds
558,Diego De Almagro,CL,-26.37,-70.05,70.16,24,0,12.48,clear sky
559,Piacabucu,BR,-10.41,-36.43,77.72,71,30,8.59,scattered clouds
560,Wukari,NG,7.85,9.78,72.97,95,100,3.56,moderate rain
561,San Carlos De Bariloche,AR,-41.15,-71.31,48.2,61,75,18.34,broken clouds
562,Shaoyang,CN,27.23,111.45,77.23,85,0,3.78,clear sky
563,Kano,NG,12.0,8.52,77.0,94,20,9.17,thunderstorm with light rain
564,Shestakovo,RU,56.49,103.96,55.63,91,100,2.17,overcast clouds
565,Juneau,US,58.3,-134.42,57.0,93,90,6.93,moderate rain
566,Tarakan,ID,3.3,117.63,80.71,79,79,2.57,broken clouds
567,General Higinio Morinigo,PY,-25.95,-55.92,69.22,53,0,7.31,clear sky
568,Eureka,US,40.8,-124.16,61.0,93,90,7.74,overcast clouds
569,Oktyabrskiy,RU,54.48,53.47,54.37,87,0,2.55,clear sky
570,Ongole,IN,15.5,80.05,83.95,79,100,4.68,moderate rain
571,Chastyye,RU,57.29,54.97,55.04,88,0,2.86,clear sky
572,Askiz,RU,53.13,90.53,52.45,87,91,6.8,overcast clouds
573,Petrozavodsk,RU,61.78,34.35,64.4,88,100,8.95,overcast clouds
574,Ayr,GB,55.46,-4.63,57.2,82,75,4.7,broken clouds
575,Taonan,CN,45.33,122.78,66.11,92,100,7.27,moderate rain
576,Buala,SB,-8.14,159.59,79.7,85,100,9.46,moderate rain
577,Berlevag,NO,70.86,29.09,62.6,77,100,9.17,moderate rain
578,Corn Island,NI,12.17,-83.04,81.37,75,0,1.48,clear sky
579,Virginia Beach,US,36.85,-75.98,90.0,55,75,9.17,broken clouds
580,Kearney,US,40.7,-99.08,89.6,52,1,8.05,clear sky
581,Cockburn Town,TC,21.46,-71.14,84.2,78,100,27.94,overcast clouds
582,Cabano,PH,10.59,122.7,80.17,80,100,1.83,overcast clouds
583,Arman,RU,59.7,150.17,39.2,73,0,10.38,clear sky
584,Nouakchott,MR,18.09,-15.98,84.2,74,90,19.46,overcast clouds
585,Leshukonskoye,RU,64.9,45.76,57.45,94,100,6.55,light rain
586,Prince Rupert,CA,54.32,-130.32,57.2,93,90,6.93,overcast clouds
587,Axim,GH,4.87,-2.24,74.93,87,15,8.55,few clouds
588,Quarai,BR,-30.39,-56.45,67.44,59,0,12.53,clear sky
589,Husavik,IS,66.04,-17.34,53.6,58,88,4.7,overcast clouds
590,Samarai,PG,-10.62,150.67,75.33,76,100,14.18,overcast clouds
591,Tsabong,BW,-26.02,22.4,60.24,39,0,5.44,clear sky
592,Turukhansk,RU,65.82,87.98,54.12,87,100,7.92,light rain
593,Warin Chamrap,TH,15.19,104.86,77.0,100,97,3.36,overcast clouds
594,Klyuchi,RU,52.27,79.17,60.64,61,100,0.96,overcast clouds
595,Hunenberg,CH,47.18,8.43,69.8,56,90,2.24,overcast clouds
596,Saint-Georges,GD,12.06,-61.75,86.0,79,20,10.29,few clouds
597,Avesta,SE,60.15,16.17,60.01,79,0,8.08,clear sky
598,Gejiu,CN,23.31,103.16,58.89,100,48,2.62,scattered clouds
599,Lanzhou,CN,36.06,103.79,60.01,80,26,2.62,scattered clouds
600,Awbari,LY,26.59,12.78,85.1,18,0,8.16,clear sky
601,Ola,RU,59.58,151.28,41.31,67,0,10.09,clear sky
602,Roald,NO,62.58,6.13,51.8,66,75,13.87,broken clouds
603,Vredendal,ZA,-31.67,18.5,56.82,80,100,6.98,overcast clouds
604,Dongsheng,CN,39.82,109.98,56.52,91,0,7.02,clear sky
605,Karachi,PK,24.91,67.08,86.0,79,75,17.22,broken clouds
606,Doha,QA,25.29,51.53,91.99,84,0,5.82,clear sky
607,Igarka,RU,67.47,86.58,55.49,95,100,7.14,light rain
608,Soyo,AO,-6.13,12.37,73.72,88,55,5.73,broken clouds
609,The Valley,AI,18.22,-63.06,87.8,70,40,16.11,scattered clouds
610,Zarubino,RU,42.63,131.09,67.68,97,96,4.52,overcast clouds
611,Talara,PE,-4.58,-81.27,65.48,73,1,19.04,clear sky
612,Westonaria,ZA,-26.32,27.65,55.99,50,0,2.59,clear sky
613,Borogontsy,RU,62.67,131.17,40.51,69,89,0.89,overcast clouds
614,Katangli,RU,51.71,143.23,48.43,99,92,2.1,overcast clouds
615,Tengushevo,RU,54.77,42.72,57.76,68,65,3.85,broken clouds
616,Port Hardy,CA,50.7,-127.42,55.4,93,75,2.24,broken clouds
617,Christchurch,NZ,-43.53,172.63,52.0,100,100,11.41,mist
618,Den Helder,NL,52.96,4.76,64.0,77,20,9.17,few clouds
619,Ambunti,PG,-4.24,142.84,73.0,98,100,2.04,overcast clouds
620,Gairatganj,IN,23.42,78.24,72.66,94,90,12.95,overcast clouds
621,Araguaina,BR,-7.19,-48.21,99.23,21,7,4.68,clear sky
622,Saint Anthony,US,45.02,-93.22,90.0,58,40,6.93,scattered clouds
623,Mae Hong Son,TH,19.3,97.97,74.07,88,100,2.73,overcast clouds
624,Kiruna,SE,67.86,20.23,55.4,87,85,4.7,overcast clouds
625,Dhidhdhoo,MV,6.88,73.1,83.43,72,1,8.52,moderate rain
626,Khorixas,NA,-20.37,14.97,65.12,26,0,7.54,clear sky
627,Belz,FR,47.68,-3.17,66.0,72,19,1.01,few clouds
628,Seymchan,RU,62.88,152.43,34.07,88,92,5.46,overcast clouds
629,Rabo De Peixe,PT,37.8,-25.58,75.2,78,20,13.87,few clouds
630,Gabriel Leyva Solano,MX,25.67,-108.64,99.0,49,40,9.17,scattered clouds
631,Solok,ID,-0.79,100.66,71.38,84,87,1.1,overcast clouds
632,Khani,GE,41.96,42.96,66.2,93,75,8.05,thunderstorm with rain
633,Port Moresby,PG,-9.44,147.18,73.4,88,20,17.22,few clouds
634,Timbiqui,CO,2.77,-77.67,80.17,82,80,8.61,light rain
635,Zverevo,RU,48.02,40.12,68.0,34,0,8.95,clear sky
636,Campina Verde,BR,-19.54,-49.49,83.46,30,0,5.64,clear sky
637,Devonport,AU,-41.17,146.35,39.99,67,57,8.34,broken clouds
638,Byron Bay,AU,-28.65,153.62,50.0,53,0,11.41,clear sky
639,Aktash,RU,50.3,87.73,37.62,83,97,2.89,overcast clouds
640,Plettenberg Bay,ZA,-34.05,23.37,57.2,77,100,6.51,overcast clouds
641,Lima,PE,-12.04,-77.03,66.2,63,75,6.93,broken clouds
642,Ushirombo,TZ,-3.49,31.96,73.72,37,69,3.27,broken clouds
643,Concordia,AR,-31.39,-58.02,72.0,35,0,17.22,clear sky
644,Chimbote,PE,-9.09,-78.58,66.63,65,6,10.13,clear sky
645,Hamilton,US,39.18,-84.53,84.99,58,75,3.36,broken clouds
646,Catalao,BR,-18.17,-47.95,78.53,43,49,5.86,scattered clouds
647,Altamira,BR,-3.2,-52.21,84.2,66,40,8.05,thunderstorm
648,Pionerskiy,RU,54.95,20.23,66.2,72,20,4.47,few clouds
649,Minab,IR,27.15,57.08,89.6,79,0,11.41,clear sky
650,Manitouwadge,CA,49.12,-85.84,75.2,73,75,3.36,broken clouds
651,Lindsay,US,36.2,-119.09,87.01,48,1,5.82,haze
652,Malinyi,TZ,-8.93,36.13,75.99,51,55,3.4,broken clouds
653,Magadan,RU,59.57,150.8,39.85,70,0,8.25,clear sky
654,Koregaon,IN,18.65,74.08,73.02,86,100,9.08,overcast clouds
655,Tilichiki,RU,60.47,166.1,44.78,85,96,6.11,overcast clouds
656,Calabozo,VE,8.92,-67.43,84.11,74,74,1.74,broken clouds
657,Athabasca,CA,54.72,-113.29,68.0,46,0,12.88,clear sky
658,Kang,BW,-23.68,22.79,61.72,36,0,4.79,clear sky
659,Umm Lajj,SA,25.02,37.27,84.02,59,0,4.59,clear sky
660,Hofn,IS,64.25,-15.21,52.3,74,100,3.89,overcast clouds
661,Baltoji Voke,LT,54.6,25.2,66.2,82,75,2.24,broken clouds
662,Kapit,MY,2.02,112.93,73.54,94,100,0.74,overcast clouds
663,Bundaberg,AU,-24.85,152.35,51.01,43,1,8.05,clear sky
664,Jiamusi,CN,46.83,130.35,59.86,90,100,2.21,overcast clouds
665,Kupang,ID,-10.17,123.58,72.05,73,0,7.02,clear sky
666,Jizan,SA,17.33,42.67,93.2,63,100,5.82,overcast clouds
667,Victor Harbor,AU,-35.57,138.62,39.0,92,70,3.15,light rain
668,Korla,CN,41.76,86.15,86.0,56,0,5.12,clear sky
669,Shache,CN,38.42,77.24,70.88,23,0,4.99,clear sky
670,Rawah,IQ,34.48,41.91,85.78,21,0,13.69,clear sky
671,Irsha,RU,55.93,94.79,54.61,80,100,3.18,light rain
672,Jardim,BR,-21.48,-56.14,73.78,56,0,6.96,clear sky
673,Caxito,AO,-8.58,13.66,71.6,88,75,3.36,broken clouds
674,Heihe,CN,50.24,127.49,59.0,100,40,2.24,mist
675,Moerai,PF,-22.43,-151.33,69.89,69,13,11.21,few clouds
676,Sierra Vista,US,31.55,-110.3,91.4,31,1,8.05,clear sky
677,Santo Tomas,PH,14.11,121.14,84.2,79,100,3.36,overcast clouds
678,Makariv,UA,50.46,29.81,73.4,53,63,2.24,broken clouds
679,Morant Bay,JM,17.88,-76.41,90.0,74,75,8.05,broken clouds
680,Abha,SA,18.22,42.51,73.4,88,77,4.7,broken clouds
681,Leh,IN,34.17,77.58,65.43,24,0,4.72,clear sky
682,Luwuk,ID,-0.95,122.79,74.01,55,0,4.27,clear sky
683,Bonthe,SL,7.53,-12.51,77.86,85,100,9.57,light rain
684,Tautira,PF,-17.73,-149.15,78.8,69,20,20.87,few clouds
685,Shaowu,CN,27.34,117.48,76.44,76,0,0.63,clear sky
686,Porbandar,IN,21.64,69.61,81.75,84,100,19.17,moderate rain
687,Nalut,LY,30.33,10.85,89.26,19,0,15.73,clear sky
688,Gornja Radgona,SI,46.67,15.99,72.0,82,100,3.42,overcast clouds
689,Salina Cruz,MX,16.17,-95.2,86.34,66,54,7.27,light rain
690,Baiao,BR,-2.79,-49.67,93.85,36,75,1.88,broken clouds
691,Olinda,BR,-8.01,-34.86,80.6,65,40,11.41,scattered clouds
692,Sabang,ID,5.89,95.32,83.86,70,78,6.29,broken clouds
693,Bosaso,SO,11.28,49.18,92.98,39,8,13.29,clear sky
694,Rundu,NA,-17.93,19.77,67.55,26,0,4.45,clear sky
695,Pangody,RU,65.85,74.49,54.01,88,41,9.46,scattered clouds
696,Bandarbeyla,SO,9.49,50.81,76.75,76,95,32.39,overcast clouds
697,Serang,ID,-6.11,106.15,80.01,83,20,4.7,haze
698,Kropotkin,RU,45.44,40.58,66.7,40,0,11.5,clear sky
699,Adilabad,IN,19.67,78.53,77.22,85,100,7.94,overcast clouds
700,Ferme-Neuve,CA,46.7,-75.45,65.41,80,100,1.61,overcast clouds
701,Blythe,US,33.61,-114.6,105.01,26,0,3.0,clear sky
702,Mackenzie,CA,55.3,-123.17,57.2,67,1,12.75,clear sky
703,Charyshskoye,RU,51.4,83.56,52.36,81,100,5.21,overcast clouds
704,Raudeberg,NO,61.99,5.14,50.0,82,100,12.97,light rain
705,Broken Hill,AU,-31.95,141.43,41.0,81,0,4.7,clear sky
706,Mercedes,AR,-34.65,-59.43,71.01,15,9,8.01,clear sky
707,Lang Son,VN,21.83,106.73,74.61,94,1,2.26,clear sky
708,Horodnya,UA,51.89,31.6,63.5,64,14,7.38,few clouds
709,Asmara,ER,15.33,38.93,65.39,81,21,2.39,few clouds
